global_id,node_name,node_type,plc_name,feat_general_device_type_ait,feat_general_device_type_dpit,feat_general_device_type_fit,feat_general_device_type_lit,feat_general_device_type_mv,feat_general_device_type_p,feat_general_device_type_pit,feat_general_device_type_unknown,feat_general_device_type_uv,feat_general_process_p1,feat_general_process_p2,feat_general_process_p3,feat_general_process_p4,feat_general_process_p5,feat_general_process_p6,feat_general_process_punk,feat_general_sub_process_sp10,feat_general_sub_process_sp20,feat_general_sub_process_sp30,feat_general_sub_process_sp40,feat_general_sub_process_sp50,feat_general_sub_process_sp60,feat_general_sub_process_spunk,feat_control_plc1,feat_control_plc2,feat_control_plc3,feat_control_plc4,feat_control_plc5,feat_control_plc6,feat_measurement_periodicity_periodic,feat_measurement_periodicity_constant,feat_measurement_periodicity_non_periodic,feat_measurement_period_value,feat_measurement_period_max,feat_measurement_period_min,feat_measurement_period_entropy_mean,feat_measurement_period_entropy_var
0,CRP0,crp,,-0.10416905835129424,-0.0073290063096572355,0.004906701622394029,0.045728524174553885,0.014089882075722442,0.08979443027860717,-0.08048234608326567,0.0,-0.0073290063096572355,0.198280940358374,-0.10664074798388987,-0.022863476576676183,-0.022863476576676183,-0.18176563205214283,0.27647629447756655,0.0,0.198280940358374,-0.10664074798388987,-0.022863476576676183,-0.022863476576676183,-0.18176563205214283,0.27647629447756655,0.0,0.198280940358374,-0.10664074798388987,-0.022863476576676183,-0.022863476576676183,-0.18176563205214283,0.27647629447756655,-0.03094178397283411,0.03891757725781271,-0.015292711942901159,-0.015295829222445913,-0.0070749049232828425,-0.13668418832186133,-0.13929333288714008,-0.023706576291563794
1,PLC1,plc,PLC1,-0.4753368351263087,-0.14902314729902888,0.06497482028082734,0.6295582319538382,0.2667226086748182,0.04760129996163099,-0.2533703686271807,0.0,-0.14902314729902888,2.93644606939567,-0.5189850325079187,-0.4648909538613151,-0.4648909538613151,-0.5722251741446891,-0.31743572584466123,0.0,2.93644606939567,-0.5189850325079187,-0.4648909538613151,-0.4648909538613151,-0.5722251741446891,-0.31743572584466123,0.0,2.93644606939567,-0.5189850325079187,-0.4648909538613151,-0.4648909538613151,-0.5722251741446891,-0.31743572584466123,0.13042880036486643,0.0546157499551842,-0.1469980091270334,-0.14701107027529367,0.14078723836464832,-0.2711382036628761,-0.20149081052924694,0.15878701872697665
2,PLC2,plc,PLC2,0.2813711280691483,-0.14902314729902888,-0.2393944748808818,-0.2712075837306913,-0.0891600317904907,0.36513138389821775,-0.2533703686271807,0.0,-0.14902314729902888,-0.3493521050339685,1.9550806009033528,-0.4648909538613151,-0.4648909538613151,-0.5722251741446891,-0.31743572584466123,0.0,-0.3493521050339685,1.9550806009033528,-0.4648909538613151,-0.4648909538613151,-0.5722251741446891,-0.31743572584466123,0.0,-0.3493521050339685,1.9550806009033528,-0.4648909538613151,-0.4648909538613151,-0.5722251741446891,-0.31743572584466123,0.07724470800352307,0.570872028755881,-0.6078433586671607,-0.6078351042527905,-0.49617668670502096,0.03327611636438068,-0.1070251647053537,-0.15148566757709112
3,PLC3,plc,PLC3,-0.4753368351263087,0.701141698637201,-0.1830297959810299,0.22921786569892055,1.0641633391876135,-0.3404910067777969,-0.2533703686271807,0.0,-0.14902314729902888,-0.3493521050339685,-0.5189850325079187,2.1872738308058484,-0.4648909538613151,-0.5722251741446891,-0.31743572584466123,0.0,-0.3493521050339685,-0.5189850325079187,2.1872738308058484,-0.4648909538613151,-0.5722251741446891,-0.31743572584466123,0.0,-0.3493521050339685,-0.5189850325079187,2.1872738308058484,-0.4648909538613151,-0.5722251741446891,-0.31743572584466123,-0.12958235901236917,-0.5763642024091532,0.6509471928342989,0.6509571945944178,0.5920429497917357,-0.6684901596565364,-0.47889023112769175,-0.02300427913549024
4,PLC4,plc,PLC4,0.14124000999212702,-0.14902314729902888,-0.1830297959810299,0.22921786569892055,-0.385728906946819,0.14462436851410782,-0.2533703686271807,0.0,0.701141698637201,-0.3493521050339685,-0.5189850325079187,-0.4648909538613151,2.1872738308058484,-0.5722251741446891,-0.31743572584466123,0.0,-0.3493521050339685,-0.5189850325079187,-0.4648909538613151,2.1872738308058484,-0.5722251741446891,-0.31743572584466123,0.0,-0.3493521050339685,-0.5189850325079187,-0.4648909538613151,2.1872738308058484,-0.5722251741446891,-0.31743572584466123,0.19543158476070455,0.3943742246491637,-0.5225016354308574,-0.5225164232778816,-0.08231806755406214,0.43896367452098595,-0.07172959203947886,-0.02771015815567921
5,PLC5,plc,PLC5,0.37838497586518627,-0.14902314729902888,0.36544196791130357,-0.2712075837306913,-0.385728906946819,-0.48975726608929976,0.7839577331452912,0.0,-0.14902314729902888,-0.3493521050339685,-0.5189850325079187,-0.4648909538613151,-0.4648909538613151,1.770532008590984,-0.31743572584466123,0.0,-0.3493521050339685,-0.5189850325079187,-0.4648909538613151,-0.4648909538613151,1.770532008590984,-0.31743572584466123,0.0,-0.3493521050339685,-0.5189850325079187,-0.4648909538613151,-0.4648909538613151,1.770532008590984,-0.31743572584466123,-0.004576982611105065,-0.4830239637180536,0.4704166183970516,0.47042515796423695,0.1114605234279958,0.6025605812410783,0.8913179177378617,0.21000994353828475
6,PLC6,plc,PLC6,-0.4753368351263087,-0.14902314729902888,0.20447740523514973,-0.2712075837306913,-0.385728906946819,0.8116579973419067,-0.2533703686271807,0.0,-0.14902314729902888,-0.3493521050339685,-0.5189850325079187,-0.4648909538613151,-0.4648909538613151,-0.5722251741446891,3.2460362898889636,0.0,-0.3493521050339685,-0.5189850325079187,-0.4648909538613151,-0.4648909538613151,-0.5722251741446891,3.2460362898889636,0.0,-0.3493521050339685,-0.5189850325079187,-0.4648909538613151,-0.4648909538613151,-0.5722251741446891,3.2460362898889636,-0.4545963027854429,0.27303187041290516,0.06422276296454597,0.0642048738668985,-0.3082449522298742,-0.9552769088466554,-0.8679424021076886,-0.308836461385933
7,FIT101,device,PLC1,-0.4753368351263087,-0.14902314729902888,2.2970163042750236,-0.2712075837306913,-0.385728906946819,-0.8256063820697017,-0.2533703686271807,0.0,-0.14902314729902888,2.93644606939567,-0.5189850325079187,-0.4648909538613151,-0.4648909538613151,-0.5722251741446891,-0.31743572584466123,0.0,2.93644606939567,-0.5189850325079187,-0.4648909538613151,-0.4648909538613151,-0.5722251741446891,-0.31743572584466123,0.0,2.93644606939567,-0.5189850325079187,-0.4648909538613151,-0.4648909538613151,-0.5722251741446891,-0.31743572584466123,-0.4545963027854429,-0.8190487969687799,1.1203266863711419,1.1203268394564827,0.8173843085222922,-0.9552769088466554,-0.04140947071053296,-0.308836461385933
8,LIT101,device,PLC1,-0.4753368351263087,-0.14902314729902888,-0.49303556111147484,4.232621427579675,-0.385728906946819,-0.8256063820697017,-0.2533703686271807,0.0,-0.14902314729902888,2.93644606939567,-0.5189850325079187,-0.4648909538613151,-0.4648909538613151,-0.5722251741446891,-0.31743572584466123,0.0,2.93644606939567,-0.5189850325079187,-0.4648909538613151,-0.4648909538613151,-0.5722251741446891,-0.31743572584466123,0.0,2.93644606939567,-0.5189850325079187,-0.4648909538613151,-0.4648909538613151,-0.5722251741446891,-0.31743572584466123,2.4705291693783376,-0.8190487969687799,-0.99188116044205,-0.9918748468440622,-0.4105965245861761,0.09191480032810619,1.390788088945769,2.0292809391786157
9,MV101,device,PLC1,-0.4753368351263087,-0.14902314729902888,-0.49303556111147484,-0.2712075837306913,2.8765286225499413,-0.8256063820697017,-0.2533703686271807,0.0,-0.14902314729902888,2.93644606939567,-0.5189850325079187,-0.4648909538613151,-0.4648909538613151,-0.5722251741446891,-0.31743572584466123,0.0,2.93644606939567,-0.5189850325079187,-0.4648909538613151,-0.4648909538613151,-0.5722251741446891,-0.31743572584466123,0.0,2.93644606939567,-0.5189850325079187,-0.4648909538613151,-0.4648909538613151,-0.5722251741446891,-0.31743572584466123,-0.4545963027854429,-0.8190487969687799,1.1203266863711419,1.1203268394564827,0.9092680562195361,-0.9552769088466554,-0.5307435661062381,-0.308836461385933
10,P101,device,PLC1,-0.4753368351263087,-0.14902314729902888,-0.49303556111147484,-0.2712075837306913,-0.385728906946819,1.3574127904791093,-0.2533703686271807,0.0,-0.14902314729902888,2.93644606939567,-0.5189850325079187,-0.4648909538613151,-0.4648909538613151,-0.5722251741446891,-0.31743572584466123,0.0,2.93644606939567,-0.5189850325079187,-0.4648909538613151,-0.4648909538613151,-0.5722251741446891,-0.31743572584466123,0.0,2.93644606939567,-0.5189850325079187,-0.4648909538613151,-0.4648909538613151,-0.5722251741446891,-0.31743572584466123,-0.4545963027854429,1.36511253779459,-0.99188116044205,-0.9919170917226858,0.9092680562195361,1.4182246956898994,-0.9130446391062262,-0.308836461385933
11,P102,device,PLC1,-0.4753368351263087,-0.14902314729902888,-0.49303556111147484,-0.2712075837306913,-0.385728906946819,1.3574127904791093,-0.2533703686271807,0.0,-0.14902314729902888,2.93644606939567,-0.5189850325079187,-0.4648909538613151,-0.4648909538613151,-0.5722251741446891,-0.31743572584466123,0.0,2.93644606939567,-0.5189850325079187,-0.4648909538613151,-0.4648909538613151,-0.5722251741446891,-0.31743572584466123,0.0,2.93644606939567,-0.5189850325079187,-0.4648909538613151,-0.4648909538613151,-0.5722251741446891,-0.31743572584466123,-0.4545963027854429,1.36511253779459,-0.99188116044205,-0.9919170917226858,-1.5213877045519466,-0.9552769088466554,-0.9130446391062262,-0.308836461385933
12,AIT201,device,PLC2,2.2992589472343026,-0.14902314729902888,-0.49303556111147484,-0.2712075837306913,-0.385728906946819,-0.8256063820697017,-0.2533703686271807,0.0,-0.14902314729902888,-0.3493521050339685,1.9550806009033528,-0.4648909538613151,-0.4648909538613151,-0.5722251741446891,-0.31743572584466123,0.0,-0.3493521050339685,1.9550806009033528,-0.4648909538613151,-0.4648909538613151,-0.5722251741446891,-0.31743572584466123,0.0,-0.3493521050339685,1.9550806009033528,-0.4648909538613151,-0.4648909538613151,-0.5722251741446891,-0.31743572584466123,2.4705291693783376,-0.8190487969687799,-0.99188116044205,-0.9917143163052926,-0.7034991599657502,-0.20764894957095162,0.9881926643572417,1.265614209957725
13,AIT202,device,PLC2,2.2992589472343026,-0.14902314729902888,-0.49303556111147484,-0.2712075837306913,-0.385728906946819,-0.8256063820697017,-0.2533703686271807,0.0,-0.14902314729902888,-0.3493521050339685,1.9550806009033528,-0.4648909538613151,-0.4648909538613151,-0.5722251741446891,-0.31743572584466123,0.0,-0.3493521050339685,1.9550806009033528,-0.4648909538613151,-0.4648909538613151,-0.5722251741446891,-0.31743572584466123,0.0,-0.3493521050339685,1.9550806009033528,-0.4648909538613151,-0.4648909538613151,-0.5722251741446891,-0.31743572584466123,-0.4545963027854429,-0.8190487969687799,1.1203266863711419,1.1203268394564827,-1.05008850482886,-0.5512755521208758,1.3521009514466236,-0.308836461385933
14,AIT203,device,PLC2,2.2992589472343026,-0.14902314729902888,-0.49303556111147484,-0.2712075837306913,-0.385728906946819,-0.8256063820697017,-0.2533703686271807,0.0,-0.14902314729902888,-0.3493521050339685,1.9550806009033528,-0.4648909538613151,-0.4648909538613151,-0.5722251741446891,-0.31743572584466123,0.0,-0.3493521050339685,1.9550806009033528,-0.4648909538613151,-0.4648909538613151,-0.5722251741446891,-0.31743572584466123,0.0,-0.3493521050339685,1.9550806009033528,-0.4648909538613151,-0.4648909538613151,-0.5722251741446891,-0.31743572584466123,2.4705291693783376,-0.8190487969687799,-0.99188116044205,-0.9917058673295679,-1.2245777899963664,-0.6809823777930905,1.5934029991120389,-0.15242840083233009
15,FIT201,device,PLC2,-0.4753368351263087,-0.14902314729902888,2.2970163042750236,-0.2712075837306913,-0.385728906946819,-0.8256063820697017,-0.2533703686271807,0.0,-0.14902314729902888,-0.3493521050339685,1.9550806009033528,-0.4648909538613151,-0.4648909538613151,-0.5722251741446891,-0.31743572584466123,0.0,-0.3493521050339685,1.9550806009033528,-0.4648909538613151,-0.4648909538613151,-0.5722251741446891,-0.31743572584466123,0.0,-0.3493521050339685,1.9550806009033528,-0.4648909538613151,-0.4648909538613151,-0.5722251741446891,-0.31743572584466123,-0.4545963027854429,-0.8190487969687799,1.1203266863711419,1.1203268394564827,0.8779676632048884,1.372378096857259,1.280338642381943,-0.308836461385933
16,MV201,device,PLC2,-0.4753368351263087,-0.14902314729902888,-0.49303556111147484,-0.2712075837306913,2.8765286225499413,-0.8256063820697017,-0.2533703686271807,0.0,-0.14902314729902888,-0.3493521050339685,1.9550806009033528,-0.4648909538613151,-0.4648909538613151,-0.5722251741446891,-0.31743572584466123,0.0,-0.3493521050339685,1.9550806009033528,-0.4648909538613151,-0.4648909538613151,-0.5722251741446891,-0.31743572584466123,0.0,-0.3493521050339685,1.9550806009033528,-0.4648909538613151,-0.4648909538613151,-0.5722251741446891,-0.31743572584466123,-0.4545963027854429,1.36511253779459,-0.99188116044205,-0.9919170917226858,0.9092680562195361,1.4182246956898994,-0.9130446391062262,-0.308836461385933
17,P201,device,PLC2,-0.4753368351263087,-0.14902314729902888,-0.49303556111147484,-0.2712075837306913,-0.385728906946819,1.3574127904791093,-0.2533703686271807,0.0,-0.14902314729902888,-0.3493521050339685,1.9550806009033528,-0.4648909538613151,-0.4648909538613151,-0.5722251741446891,-0.31743572584466123,0.0,-0.3493521050339685,1.9550806009033528,-0.4648909538613151,-0.4648909538613151,-0.5722251741446891,-0.31743572584466123,0.0,-0.3493521050339685,1.9550806009033528,-0.4648909538613151,-0.4648909538613151,-0.5722251741446891,-0.31743572584466123,-0.4545963027854429,1.36511253779459,-0.99188116044205,-0.9919170917226858,-1.5213877045519466,-0.9552769088466554,-0.9130446391062262,-0.308836461385933
18,P202,device,PLC2,-0.4753368351263087,-0.14902314729902888,-0.49303556111147484,-0.2712075837306913,-0.385728906946819,1.3574127904791093,-0.2533703686271807,0.0,-0.14902314729902888,-0.3493521050339685,1.9550806009033528,-0.4648909538613151,-0.4648909538613151,-0.5722251741446891,-0.31743572584466123,0.0,-0.3493521050339685,1.9550806009033528,-0.4648909538613151,-0.4648909538613151,-0.5722251741446891,-0.31743572584466123,0.0,-0.3493521050339685,1.9550806009033528,-0.4648909538613151,-0.4648909538613151,-0.5722251741446891,-0.31743572584466123,-0.4545963027854429,1.36511253779459,-0.99188116044205,-0.9919170917226858,-1.5213877045519466,-0.9552769088466554,-0.9130446391062262,-0.308836461385933
19,P203,device,PLC2,-0.4753368351263087,-0.14902314729902888,-0.49303556111147484,-0.2712075837306913,-0.385728906946819,1.3574127904791093,-0.2533703686271807,0.0,-0.14902314729902888,-0.3493521050339685,1.9550806009033528,-0.4648909538613151,-0.4648909538613151,-0.5722251741446891,-0.31743572584466123,0.0,-0.3493521050339685,1.9550806009033528,-0.4648909538613151,-0.4648909538613151,-0.5722251741446891,-0.31743572584466123,0.0,-0.3493521050339685,1.9550806009033528,-0.4648909538613151,-0.4648909538613151,-0.5722251741446891,-0.31743572584466123,-0.4545963027854429,1.36511253779459,-0.99188116044205,-0.9919170917226858,0.9092680562195361,1.4182246956898994,-0.9130446391062262,-0.308836461385933
20,P204,device,PLC2,-0.4753368351263087,-0.14902314729902888,-0.49303556111147484,-0.2712075837306913,-0.385728906946819,1.3574127904791093,-0.2533703686271807,0.0,-0.14902314729902888,-0.3493521050339685,1.9550806009033528,-0.4648909538613151,-0.4648909538613151,-0.5722251741446891,-0.31743572584466123,0.0,-0.3493521050339685,1.9550806009033528,-0.4648909538613151,-0.4648909538613151,-0.5722251741446891,-0.31743572584466123,0.0,-0.3493521050339685,1.9550806009033528,-0.4648909538613151,-0.4648909538613151,-0.5722251741446891,-0.31743572584466123,-0.4545963027854429,1.36511253779459,-0.99188116044205,-0.9919170917226858,-1.5213877045519466,-0.9552769088466554,-0.9130446391062262,-0.308836461385933
21,P205,device,PLC2,-0.4753368351263087,-0.14902314729902888,-0.49303556111147484,-0.2712075837306913,-0.385728906946819,1.3574127904791093,-0.2533703686271807,0.0,-0.14902314729902888,-0.3493521050339685,1.9550806009033528,-0.4648909538613151,-0.4648909538613151,-0.5722251741446891,-0.31743572584466123,0.0,-0.3493521050339685,1.9550806009033528,-0.4648909538613151,-0.4648909538613151,-0.5722251741446891,-0.31743572584466123,0.0,-0.3493521050339685,1.9550806009033528,-0.4648909538613151,-0.4648909538613151,-0.5722251741446891,-0.31743572584466123,-0.4545963027854429,1.36511253779459,-0.99188116044205,-0.9919170917226858,0.9092680562195361,1.4182246956898994,-0.9130446391062262,-0.308836461385933
22,P206,device,PLC2,-0.4753368351263087,-0.14902314729902888,-0.49303556111147484,-0.2712075837306913,-0.385728906946819,1.3574127904791093,-0.2533703686271807,0.0,-0.14902314729902888,-0.3493521050339685,1.9550806009033528,-0.4648909538613151,-0.4648909538613151,-0.5722251741446891,-0.31743572584466123,0.0,-0.3493521050339685,1.9550806009033528,-0.4648909538613151,-0.4648909538613151,-0.5722251741446891,-0.31743572584466123,0.0,-0.3493521050339685,1.9550806009033528,-0.4648909538613151,-0.4648909538613151,-0.5722251741446891,-0.31743572584466123,-0.4545963027854429,1.36511253779459,-0.99188116044205,-0.9919170917226858,-1.5213877045519466,-0.9552769088466554,-0.9130446391062262,-0.308836461385933
23,DPIT301,device,PLC3,-0.4753368351263087,7.5024604091190445,-0.49303556111147484,-0.2712075837306913,-0.385728906946819,-0.8256063820697017,-0.2533703686271807,0.0,-0.14902314729902888,-0.3493521050339685,-0.5189850325079187,2.1872738308058484,-0.4648909538613151,-0.5722251741446891,-0.31743572584466123,0.0,-0.3493521050339685,-0.5189850325079187,2.1872738308058484,-0.4648909538613151,-0.5722251741446891,-0.31743572584466123,0.0,-0.3493521050339685,-0.5189850325079187,2.1872738308058484,-0.4648909538613151,-0.5722251741446891,-0.31743572584466123,-0.4545963027854429,-0.8190487969687799,1.1203266863711419,1.1203268394564827,0.7857256312907405,-0.9513156708446223,-0.5576465695181955,-0.308836461385933
24,FIT301,device,PLC3,-0.4753368351263087,-0.14902314729902888,2.2970163042750236,-0.2712075837306913,-0.385728906946819,-0.8256063820697017,-0.2533703686271807,0.0,-0.14902314729902888,-0.3493521050339685,-0.5189850325079187,2.1872738308058484,-0.4648909538613151,-0.5722251741446891,-0.31743572584466123,0.0,-0.3493521050339685,-0.5189850325079187,2.1872738308058484,-0.4648909538613151,-0.5722251741446891,-0.31743572584466123,0.0,-0.3493521050339685,-0.5189850325079187,2.1872738308058484,-0.4648909538613151,-0.5722251741446891,-0.31743572584466123,-0.4545963027854429,-0.8190487969687799,1.1203266863711419,1.1203268394564827,0.8574521611690294,-0.9552769088466554,-0.6891654586058656,-0.308836461385933
25,LIT301,device,PLC3,-0.4753368351263087,-0.14902314729902888,-0.49303556111147484,4.232621427579675,-0.385728906946819,-0.8256063820697017,-0.2533703686271807,0.0,-0.14902314729902888,-0.3493521050339685,-0.5189850325079187,2.1872738308058484,-0.4648909538613151,-0.5722251741446891,-0.31743572584466123,0.0,-0.3493521050339685,-0.5189850325079187,2.1872738308058484,-0.4648909538613151,-0.5722251741446891,-0.31743572584466123,0.0,-0.3493521050339685,-0.5189850325079187,2.1872738308058484,-0.4648909538613151,-0.5722251741446891,-0.31743572584466123,2.4705291693783376,-0.8190487969687799,-0.99188116044205,-0.9917565611839162,0.6602563239984908,1.0284672776218302,1.553099657973945,2.2636532154279396
26,MV301,device,PLC3,-0.4753368351263087,-0.14902314729902888,-0.49303556111147484,-0.2712075837306913,2.8765286225499413,-0.8256063820697017,-0.2533703686271807,0.0,-0.14902314729902888,-0.3493521050339685,-0.5189850325079187,2.1872738308058484,-0.4648909538613151,-0.5722251741446891,-0.31743572584466123,0.0,-0.3493521050339685,-0.5189850325079187,2.1872738308058484,-0.4648909538613151,-0.5722251741446891,-0.31743572584466123,0.0,-0.3493521050339685,-0.5189850325079187,2.1872738308058484,-0.4648909538613151,-0.5722251741446891,-0.31743572584466123,-0.4545963027854429,-0.8190487969687799,1.1203266863711419,1.1203268394564827,0.9092680562195361,-0.3619015077125167,-0.8102487458027319,-0.308836461385933
27,MV302,device,PLC3,-0.4753368351263087,-0.14902314729902888,-0.49303556111147484,-0.2712075837306913,2.8765286225499413,-0.8256063820697017,-0.2533703686271807,0.0,-0.14902314729902888,-0.3493521050339685,-0.5189850325079187,2.1872738308058484,-0.4648909538613151,-0.5722251741446891,-0.31743572584466123,0.0,-0.3493521050339685,-0.5189850325079187,2.1872738308058484,-0.4648909538613151,-0.5722251741446891,-0.31743572584466123,0.0,-0.3493521050339685,-0.5189850325079187,2.1872738308058484,-0.4648909538613151,-0.5722251741446891,-0.31743572584466123,-0.4545963027854429,-0.8190487969687799,1.1203266863711419,1.1203268394564827,0.9092680562195361,-0.9552769088466554,-0.6827520392795403,-0.308836461385933
28,MV303,device,PLC3,-0.4753368351263087,-0.14902314729902888,-0.49303556111147484,-0.2712075837306913,2.8765286225499413,-0.8256063820697017,-0.2533703686271807,0.0,-0.14902314729902888,-0.3493521050339685,-0.5189850325079187,2.1872738308058484,-0.4648909538613151,-0.5722251741446891,-0.31743572584466123,0.0,-0.3493521050339685,-0.5189850325079187,2.1872738308058484,-0.4648909538613151,-0.5722251741446891,-0.31743572584466123,0.0,-0.3493521050339685,-0.5189850325079187,2.1872738308058484,-0.4648909538613151,-0.5722251741446891,-0.31743572584466123,-0.4545963027854429,-0.8190487969687799,1.1203266863711419,1.1203268394564827,0.9092680562195361,-0.9552769088466554,-0.7284117432485582,-0.308836461385933
29,MV304,device,PLC3,-0.4753368351263087,-0.14902314729902888,-0.49303556111147484,-0.2712075837306913,2.8765286225499413,-0.8256063820697017,-0.2533703686271807,0.0,-0.14902314729902888,-0.3493521050339685,-0.5189850325079187,2.1872738308058484,-0.4648909538613151,-0.5722251741446891,-0.31743572584466123,0.0,-0.3493521050339685,-0.5189850325079187,2.1872738308058484,-0.4648909538613151,-0.5722251741446891,-0.31743572584466123,0.0,-0.3493521050339685,-0.5189850325079187,2.1872738308058484,-0.4648909538613151,-0.5722251741446891,-0.31743572584466123,-0.4545963027854429,-0.8190487969687799,1.1203266863711419,1.1203268394564827,0.9092680562195361,-0.9552769088466554,-0.7407346600590679,-0.308836461385933
30,P301,device,PLC3,-0.4753368351263087,-0.14902314729902888,-0.49303556111147484,-0.2712075837306913,-0.385728906946819,1.3574127904791093,-0.2533703686271807,0.0,-0.14902314729902888,-0.3493521050339685,-0.5189850325079187,2.1872738308058484,-0.4648909538613151,-0.5722251741446891,-0.31743572584466123,0.0,-0.3493521050339685,-0.5189850325079187,2.1872738308058484,-0.4648909538613151,-0.5722251741446891,-0.31743572584466123,0.0,-0.3493521050339685,-0.5189850325079187,2.1872738308058484,-0.4648909538613151,-0.5722251741446891,-0.31743572584466123,-0.4545963027854429,1.36511253779459,-0.99188116044205,-0.9919170917226858,-1.5213877045519466,-0.9552769088466554,-0.9130446391062262,-0.308836461385933
31,P302,device,PLC3,-0.4753368351263087,-0.14902314729902888,-0.49303556111147484,-0.2712075837306913,-0.385728906946819,1.3574127904791093,-0.2533703686271807,0.0,-0.14902314729902888,-0.3493521050339685,-0.5189850325079187,2.1872738308058484,-0.4648909538613151,-0.5722251741446891,-0.31743572584466123,0.0,-0.3493521050339685,-0.5189850325079187,2.1872738308058484,-0.4648909538613151,-0.5722251741446891,-0.31743572584466123,0.0,-0.3493521050339685,-0.5189850325079187,2.1872738308058484,-0.4648909538613151,-0.5722251741446891,-0.31743572584466123,-0.4545963027854429,-0.8190487969687799,1.1203266863711419,1.1203268394564827,0.9092680562195361,-0.9552769088466554,-0.7411079692215946,-0.308836461385933
32,AIT401,device,PLC4,2.2992589472343026,-0.14902314729902888,-0.49303556111147484,-0.2712075837306913,-0.385728906946819,-0.8256063820697017,-0.2533703686271807,0.0,-0.14902314729902888,-0.3493521050339685,-0.5189850325079187,-0.4648909538613151,2.1872738308058484,-0.5722251741446891,-0.31743572584466123,0.0,-0.3493521050339685,-0.5189850325079187,-0.4648909538613151,2.1872738308058484,-0.5722251741446891,-0.31743572584466123,0.0,-0.3493521050339685,-0.5189850325079187,-0.4648909538613151,2.1872738308058484,-0.5722251741446891,-0.31743572584466123,-0.4545963027854429,-0.8190487969687799,1.1203266863711419,1.1203268394564827,0.9085610497583589,1.4174577774957133,-0.27537125054698935,-0.308836461385933
33,AIT402,device,PLC4,2.2992589472343026,-0.14902314729902888,-0.49303556111147484,-0.2712075837306913,-0.385728906946819,-0.8256063820697017,-0.2533703686271807,0.0,-0.14902314729902888,-0.3493521050339685,-0.5189850325079187,-0.4648909538613151,2.1872738308058484,-0.5722251741446891,-0.31743572584466123,0.0,-0.3493521050339685,-0.5189850325079187,-0.4648909538613151,2.1872738308058484,-0.5722251741446891,-0.31743572584466123,0.0,-0.3493521050339685,-0.5189850325079187,-0.4648909538613151,2.1872738308058484,-0.5722251741446891,-0.31743572584466123,2.4705291693783376,-0.8190487969687799,-0.99188116044205,-0.9918579488926128,-0.44491343020905527,0.07835890938067516,1.1485080866102848,1.3824729177312693
34,FIT401,device,PLC4,-0.4753368351263087,-0.14902314729902888,2.2970163042750236,-0.2712075837306913,-0.385728906946819,-0.8256063820697017,-0.2533703686271807,0.0,-0.14902314729902888,-0.3493521050339685,-0.5189850325079187,-0.4648909538613151,2.1872738308058484,-0.5722251741446891,-0.31743572584466123,0.0,-0.3493521050339685,-0.5189850325079187,-0.4648909538613151,2.1872738308058484,-0.5722251741446891,-0.31743572584466123,0.0,-0.3493521050339685,-0.5189850325079187,-0.4648909538613151,2.1872738308058484,-0.5722251741446891,-0.31743572584466123,-0.4545963027854429,-0.8190487969687799,1.1203266863711419,1.1203268394564827,0.8588335764574155,1.3538349741000972,1.523587811901693,-0.308836461385933
35,LIT401,device,PLC4,-0.4753368351263087,-0.14902314729902888,-0.49303556111147484,4.232621427579675,-0.385728906946819,-0.8256063820697017,-0.2533703686271807,0.0,-0.14902314729902888,-0.3493521050339685,-0.5189850325079187,-0.4648909538613151,2.1872738308058484,-0.5722251741446891,-0.31743572584466123,0.0,-0.3493521050339685,-0.5189850325079187,-0.4648909538613151,2.1872738308058484,-0.5722251741446891,-0.31743572584466123,0.0,-0.3493521050339685,-0.5189850325079187,-0.4648909538613151,2.1872738308058484,-0.5722251741446891,-0.31743572584466123,2.4705291693783376,-0.8190487969687799,-0.99188116044205,-0.9918579488926128,0.6822836318586087,1.130403876646316,1.5229324504604598,0.5299909616889237
36,P401,device,PLC4,-0.4753368351263087,-0.14902314729902888,-0.49303556111147484,-0.2712075837306913,-0.385728906946819,1.3574127904791093,-0.2533703686271807,0.0,-0.14902314729902888,-0.3493521050339685,-0.5189850325079187,-0.4648909538613151,2.1872738308058484,-0.5722251741446891,-0.31743572584466123,0.0,-0.3493521050339685,-0.5189850325079187,-0.4648909538613151,2.1872738308058484,-0.5722251741446891,-0.31743572584466123,0.0,-0.3493521050339685,-0.5189850325079187,-0.4648909538613151,2.1872738308058484,-0.5722251741446891,-0.31743572584466123,-0.4545963027854429,1.36511253779459,-0.99188116044205,-0.9919170917226858,-1.5213877045519466,-0.9552769088466554,-0.9130446391062262,-0.308836461385933
37,P402,device,PLC4,-0.4753368351263087,-0.14902314729902888,-0.49303556111147484,-0.2712075837306913,-0.385728906946819,1.3574127904791093,-0.2533703686271807,0.0,-0.14902314729902888,-0.3493521050339685,-0.5189850325079187,-0.4648909538613151,2.1872738308058484,-0.5722251741446891,-0.31743572584466123,0.0,-0.3493521050339685,-0.5189850325079187,-0.4648909538613151,2.1872738308058484,-0.5722251741446891,-0.31743572584466123,0.0,-0.3493521050339685,-0.5189850325079187,-0.4648909538613151,2.1872738308058484,-0.5722251741446891,-0.31743572584466123,-0.4545963027854429,1.36511253779459,-0.99188116044205,-0.9919170917226858,0.9092680562195361,1.4182246956898994,-0.9130446391062262,-0.308836461385933
38,P403,device,PLC4,-0.4753368351263087,-0.14902314729902888,-0.49303556111147484,-0.2712075837306913,-0.385728906946819,1.3574127904791093,-0.2533703686271807,0.0,-0.14902314729902888,-0.3493521050339685,-0.5189850325079187,-0.4648909538613151,2.1872738308058484,-0.5722251741446891,-0.31743572584466123,0.0,-0.3493521050339685,-0.5189850325079187,-0.4648909538613151,2.1872738308058484,-0.5722251741446891,-0.31743572584466123,0.0,-0.3493521050339685,-0.5189850325079187,-0.4648909538613151,2.1872738308058484,-0.5722251741446891,-0.31743572584466123,-0.4545963027854429,1.36511253779459,-0.99188116044205,-0.9919170917226858,-1.5213877045519466,-0.9552769088466554,-0.9130446391062262,-0.308836461385933
39,P404,device,PLC4,-0.4753368351263087,-0.14902314729902888,-0.49303556111147484,-0.2712075837306913,-0.385728906946819,1.3574127904791093,-0.2533703686271807,0.0,-0.14902314729902888,-0.3493521050339685,-0.5189850325079187,-0.4648909538613151,2.1872738308058484,-0.5722251741446891,-0.31743572584466123,0.0,-0.3493521050339685,-0.5189850325079187,-0.4648909538613151,2.1872738308058484,-0.5722251741446891,-0.31743572584466123,0.0,-0.3493521050339685,-0.5189850325079187,-0.4648909538613151,2.1872738308058484,-0.5722251741446891,-0.31743572584466123,-0.4545963027854429,1.36511253779459,-0.99188116044205,-0.9919170917226858,-1.5213877045519466,-0.9552769088466554,-0.9130446391062262,-0.308836461385933
40,UV401,device,PLC4,-0.4753368351263087,-0.14902314729902888,-0.49303556111147484,-0.2712075837306913,-0.385728906946819,-0.8256063820697017,-0.2533703686271807,0.0,7.5024604091190445,-0.3493521050339685,-0.5189850325079187,-0.4648909538613151,2.1872738308058484,-0.5722251741446891,-0.31743572584466123,0.0,-0.3493521050339685,-0.5189850325079187,-0.4648909538613151,2.1872738308058484,-0.5722251741446891,-0.31743572584466123,0.0,-0.3493521050339685,-0.5189850325079187,-0.4648909538613151,2.1872738308058484,-0.5722251741446891,-0.31743572584466123,-0.4545963027854429,1.36511253779459,-0.99188116044205,-0.9919170917226858,0.9092680562195361,1.4182246956898994,-0.9130446391062262,-0.308836461385933
41,AIT501,device,PLC5,2.2992589472343026,-0.14902314729902888,-0.49303556111147484,-0.2712075837306913,-0.385728906946819,-0.8256063820697017,-0.2533703686271807,0.0,-0.14902314729902888,-0.3493521050339685,-0.5189850325079187,-0.4648909538613151,-0.4648909538613151,1.770532008590984,-0.31743572584466123,0.0,-0.3493521050339685,-0.5189850325079187,-0.4648909538613151,-0.4648909538613151,1.770532008590984,-0.31743572584466123,0.0,-0.3493521050339685,-0.5189850325079187,-0.4648909538613151,-0.4648909538613151,1.770532008590984,-0.31743572584466123,-0.4545963027854429,-0.8190487969687799,1.1203266863711419,1.1203268394564827,0.5469866449992501,1.0167218710112556,1.4702641917984602,-0.308836461385933
42,AIT502,device,PLC5,2.2992589472343026,-0.14902314729902888,-0.49303556111147484,-0.2712075837306913,-0.385728906946819,-0.8256063820697017,-0.2533703686271807,0.0,-0.14902314729902888,-0.3493521050339685,-0.5189850325079187,-0.4648909538613151,-0.4648909538613151,1.770532008590984,-0.31743572584466123,0.0,-0.3493521050339685,-0.5189850325079187,-0.4648909538613151,-0.4648909538613151,1.770532008590984,-0.31743572584466123,0.0,-0.3493521050339685,-0.5189850325079187,-0.4648909538613151,-0.4648909538613151,1.770532008590984,-0.31743572584466123,2.4705291693783376,-0.8190487969687799,-0.99188116044205,-0.9917143163052926,-0.43559862008304623,0.07254569493365298,1.5066624204954433,-0.2437377614488301
43,AIT503,device,PLC5,2.2992589472343026,-0.14902314729902888,-0.49303556111147484,-0.2712075837306913,-0.385728906946819,-0.8256063820697017,-0.2533703686271807,0.0,-0.14902314729902888,-0.3493521050339685,-0.5189850325079187,-0.4648909538613151,-0.4648909538613151,1.770532008590984,-0.31743572584466123,0.0,-0.3493521050339685,-0.5189850325079187,-0.4648909538613151,-0.4648909538613151,1.770532008590984,-0.31743572584466123,0.0,-0.3493521050339685,-0.5189850325079187,-0.4648909538613151,-0.4648909538613151,1.770532008590984,-0.31743572584466123,2.4705291693783376,-0.8190487969687799,-0.99188116044205,-0.9918663978683375,-1.1409694044268686,-0.7018332402989866,0.8675322749146646,6.3710679381723025
44,AIT504,device,PLC5,2.2992589472343026,-0.14902314729902888,-0.49303556111147484,-0.2712075837306913,-0.385728906946819,-0.8256063820697017,-0.2533703686271807,0.0,-0.14902314729902888,-0.3493521050339685,-0.5189850325079187,-0.4648909538613151,-0.4648909538613151,1.770532008590984,-0.31743572584466123,0.0,-0.3493521050339685,-0.5189850325079187,-0.4648909538613151,-0.4648909538613151,1.770532008590984,-0.31743572584466123,0.0,-0.3493521050339685,-0.5189850325079187,-0.4648909538613151,-0.4648909538613151,1.770532008590984,-0.31743572584466123,-0.4545963027854429,-0.8190487969687799,1.1203266863711419,1.1203268394564827,-1.4919721248431375,-0.9310883173134846,1.3787379021634014,-0.308836461385933
45,FIT501,device,PLC5,-0.4753368351263087,-0.14902314729902888,2.2970163042750236,-0.2712075837306913,-0.385728906946819,-0.8256063820697017,-0.2533703686271807,0.0,-0.14902314729902888,-0.3493521050339685,-0.5189850325079187,-0.4648909538613151,-0.4648909538613151,1.770532008590984,-0.31743572584466123,0.0,-0.3493521050339685,-0.5189850325079187,-0.4648909538613151,-0.4648909538613151,1.770532008590984,-0.31743572584466123,0.0,-0.3493521050339685,-0.5189850325079187,-0.4648909538613151,-0.4648909538613151,1.770532008590984,-0.31743572584466123,-0.4545963027854429,-0.8190487969687799,1.1203266863711419,1.1203268394564827,0.8575812477995435,1.3541612078864453,1.3622262163387913,-0.308836461385933
46,FIT502,device,PLC5,-0.4753368351263087,-0.14902314729902888,2.2970163042750236,-0.2712075837306913,-0.385728906946819,-0.8256063820697017,-0.2533703686271807,0.0,-0.14902314729902888,-0.3493521050339685,-0.5189850325079187,-0.4648909538613151,-0.4648909538613151,1.770532008590984,-0.31743572584466123,0.0,-0.3493521050339685,-0.5189850325079187,-0.4648909538613151,-0.4648909538613151,1.770532008590984,-0.31743572584466123,0.0,-0.3493521050339685,-0.5189850325079187,-0.4648909538613151,-0.4648909538613151,1.770532008590984,-0.31743572584466123,-0.4545963027854429,-0.8190487969687799,1.1203266863711419,1.1203268394564827,0.789655746920321,1.22248017972939,1.4433175978319253,-0.308836461385933
47,FIT503,device,PLC5,-0.4753368351263087,-0.14902314729902888,2.2970163042750236,-0.2712075837306913,-0.385728906946819,-0.8256063820697017,-0.2533703686271807,0.0,-0.14902314729902888,-0.3493521050339685,-0.5189850325079187,-0.4648909538613151,-0.4648909538613151,1.770532008590984,-0.31743572584466123,0.0,-0.3493521050339685,-0.5189850325079187,-0.4648909538613151,-0.4648909538613151,1.770532008590984,-0.31743572584466123,0.0,-0.3493521050339685,-0.5189850325079187,-0.4648909538613151,-0.4648909538613151,1.770532008590984,-0.31743572584466123,-0.4545963027854429,-0.8190487969687799,1.1203266863711419,1.1203268394564827,0.8478590396881184,1.3421228133437255,0.8876529580337732,-0.308836461385933
48,FIT504,device,PLC5,-0.4753368351263087,-0.14902314729902888,2.2970163042750236,-0.2712075837306913,-0.385728906946819,-0.8256063820697017,-0.2533703686271807,0.0,-0.14902314729902888,-0.3493521050339685,-0.5189850325079187,-0.4648909538613151,-0.4648909538613151,1.770532008590984,-0.31743572584466123,0.0,-0.3493521050339685,-0.5189850325079187,-0.4648909538613151,-0.4648909538613151,1.770532008590984,-0.31743572584466123,0.0,-0.3493521050339685,-0.5189850325079187,-0.4648909538613151,-0.4648909538613151,1.770532008590984,-0.31743572584466123,-0.4545963027854429,-0.8190487969687799,1.1203266863711419,1.1203268394564827,0.861136418199303,1.3414895859249507,0.5870797811236003,-0.308836461385933
49,P501,device,PLC5,-0.4753368351263087,-0.14902314729902888,-0.49303556111147484,-0.2712075837306913,-0.385728906946819,1.3574127904791093,-0.2533703686271807,0.0,-0.14902314729902888,-0.3493521050339685,-0.5189850325079187,-0.4648909538613151,-0.4648909538613151,1.770532008590984,-0.31743572584466123,0.0,-0.3493521050339685,-0.5189850325079187,-0.4648909538613151,-0.4648909538613151,1.770532008590984,-0.31743572584466123,0.0,-0.3493521050339685,-0.5189850325079187,-0.4648909538613151,-0.4648909538613151,1.770532008590984,-0.31743572584466123,-0.4545963027854429,1.36511253779459,-0.99188116044205,-0.9919170917226858,0.9092680562195361,1.4182246956898994,-0.9130446391062262,-0.308836461385933
50,P502,device,PLC5,-0.4753368351263087,-0.14902314729902888,-0.49303556111147484,-0.2712075837306913,-0.385728906946819,1.3574127904791093,-0.2533703686271807,0.0,-0.14902314729902888,-0.3493521050339685,-0.5189850325079187,-0.4648909538613151,-0.4648909538613151,1.770532008590984,-0.31743572584466123,0.0,-0.3493521050339685,-0.5189850325079187,-0.4648909538613151,-0.4648909538613151,1.770532008590984,-0.31743572584466123,0.0,-0.3493521050339685,-0.5189850325079187,-0.4648909538613151,-0.4648909538613151,1.770532008590984,-0.31743572584466123,-0.4545963027854429,1.36511253779459,-0.99188116044205,-0.9919170917226858,-1.5213877045519466,-0.9552769088466554,-0.9130446391062262,-0.308836461385933
51,PIT501,device,PLC5,-0.4753368351263087,-0.14902314729902888,-0.49303556111147484,-0.2712075837306913,-0.385728906946819,-0.8256063820697017,4.241718050059518,0.0,-0.14902314729902888,-0.3493521050339685,-0.5189850325079187,-0.4648909538613151,-0.4648909538613151,1.770532008590984,-0.31743572584466123,0.0,-0.3493521050339685,-0.5189850325079187,-0.4648909538613151,-0.4648909538613151,1.770532008590984,-0.31743572584466123,0.0,-0.3493521050339685,-0.5189850325079187,-0.4648909538613151,-0.4648909538613151,1.770532008590984,-0.31743572584466123,-0.4545963027854429,-0.8190487969687799,1.1203266863711419,1.1203268394564827,0.8221708002158108,1.3189012208057596,1.6001538694556965,-0.308836461385933
52,PIT502,device,PLC5,-0.4753368351263087,-0.14902314729902888,-0.49303556111147484,-0.2712075837306913,-0.385728906946819,-0.8256063820697017,4.241718050059518,0.0,-0.14902314729902888,-0.3493521050339685,-0.5189850325079187,-0.4648909538613151,-0.4648909538613151,1.770532008590984,-0.31743572584466123,0.0,-0.3493521050339685,-0.5189850325079187,-0.4648909538613151,-0.4648909538613151,1.770532008590984,-0.31743572584466123,0.0,-0.3493521050339685,-0.5189850325079187,-0.4648909538613151,-0.4648909538613151,1.770532008590984,-0.31743572584466123,-0.4545963027854429,-0.8190487969687799,1.1203266863711419,1.1203268394564827,-0.42812362041820284,0.008634359965072006,0.7170941023294692,-0.308836461385933
53,PIT503,device,PLC5,-0.4753368351263087,-0.14902314729902888,-0.49303556111147484,-0.2712075837306913,-0.385728906946819,-0.8256063820697017,4.241718050059518,0.0,-0.14902314729902888,-0.3493521050339685,-0.5189850325079187,-0.4648909538613151,-0.4648909538613151,1.770532008590984,-0.31743572584466123,0.0,-0.3493521050339685,-0.5189850325079187,-0.4648909538613151,-0.4648909538613151,1.770532008590984,-0.31743572584466123,0.0,-0.3493521050339685,-0.5189850325079187,-0.4648909538613151,-0.4648909538613151,1.770532008590984,-0.31743572584466123,-0.4545963027854429,-0.8190487969687799,1.1203266863711419,1.1203268394564827,0.8323809586881467,1.3262042739362303,1.5925008943194308,-0.308836461385933
54,FIT601,device,PLC6,-0.4753368351263087,-0.14902314729902888,2.2970163042750236,-0.2712075837306913,-0.385728906946819,-0.8256063820697017,-0.2533703686271807,0.0,-0.14902314729902888,-0.3493521050339685,-0.5189850325079187,-0.4648909538613151,-0.4648909538613151,-0.5722251741446891,3.2460362898889636,0.0,-0.3493521050339685,-0.5189850325079187,-0.4648909538613151,-0.4648909538613151,-0.5722251741446891,3.2460362898889636,0.0,-0.3493521050339685,-0.5189850325079187,-0.4648909538613151,-0.4648909538613151,-0.5722251741446891,3.2460362898889636,-0.4545963027854429,-0.8190487969687799,1.1203266863711419,1.1203268394564827,0.9005275439648602,-0.9552769088466554,-0.8192227344298395,-0.308836461385933
55,P601,device,PLC6,-0.4753368351263087,-0.14902314729902888,-0.49303556111147484,-0.2712075837306913,-0.385728906946819,1.3574127904791093,-0.2533703686271807,0.0,-0.14902314729902888,-0.3493521050339685,-0.5189850325079187,-0.4648909538613151,-0.4648909538613151,-0.5722251741446891,3.2460362898889636,0.0,-0.3493521050339685,-0.5189850325079187,-0.4648909538613151,-0.4648909538613151,-0.5722251741446891,3.2460362898889636,0.0,-0.3493521050339685,-0.5189850325079187,-0.4648909538613151,-0.4648909538613151,-0.5722251741446891,3.2460362898889636,-0.4545963027854429,1.36511253779459,-0.99188116044205,-0.9919170917226858,-1.5213877045519466,-0.9552769088466554,-0.9130446391062262,-0.308836461385933
56,P602,device,PLC6,-0.4753368351263087,-0.14902314729902888,-0.49303556111147484,-0.2712075837306913,-0.385728906946819,1.3574127904791093,-0.2533703686271807,0.0,-0.14902314729902888,-0.3493521050339685,-0.5189850325079187,-0.4648909538613151,-0.4648909538613151,-0.5722251741446891,3.2460362898889636,0.0,-0.3493521050339685,-0.5189850325079187,-0.4648909538613151,-0.4648909538613151,-0.5722251741446891,3.2460362898889636,0.0,-0.3493521050339685,-0.5189850325079187,-0.4648909538613151,-0.4648909538613151,-0.5722251741446891,3.2460362898889636,-0.4545963027854429,-0.8190487969687799,1.1203266863711419,1.1203268394564827,0.9092680562195361,-0.9552769088466554,-0.8264575957884623,-0.308836461385933
57,P603,device,PLC6,-0.4753368351263087,-0.14902314729902888,-0.49303556111147484,-0.2712075837306913,-0.385728906946819,1.3574127904791093,-0.2533703686271807,0.0,-0.14902314729902888,-0.3493521050339685,-0.5189850325079187,-0.4648909538613151,-0.4648909538613151,-0.5722251741446891,3.2460362898889636,0.0,-0.3493521050339685,-0.5189850325079187,-0.4648909538613151,-0.4648909538613151,-0.5722251741446891,3.2460362898889636,0.0,-0.3493521050339685,-0.5189850325079187,-0.4648909538613151,-0.4648909538613151,-0.5722251741446891,3.2460362898889636,-0.4545963027854429,1.36511253779459,-0.99188116044205,-0.9919170917226858,-1.5213877045519466,-0.9552769088466554,-0.9130446391062262,-0.308836461385933
